<?xml version="1.0" encoding="UTF-8"?>
<!--Open Liberty documentation does not use schema in examples.-->
<server description="Jakarta EE example server">
    <featureManager>
        <feature>servlet-6.0</feature>
        <feature>jsonb-3.0</feature>
        <feature>cdi-4.0</feature>
        <feature>faces-4.0</feature>
        <feature>restfulWS-3.1</feature>
        <feature>persistence-3.1</feature>
        <feature>enterpriseBeans-4.0</feature>
        <feature>appSecurity-5.0</feature>
    </featureManager>

    <application id="pokemon" location="Pokemon-1.0-SNAPSHOT.war">
        <application-bnd>
            <security-role name="admin">
                <group name="admin" access-id="group:jdbc/pokemons/admin"/>
                <run-as userid="admin"/>
                <group name="admin"/>
            </security-role>
            <security-role name="user">
                <group name="user" access-id="group:jdbc/pokemons/user"/>
            </security-role>
        </application-bnd>
    </application>

    <dataSource id="PokemonDataSource" jndiName="jdbc/pokemons">
        <jdbcDriver javax.sql.XADataSource="org.h2.jdbcx.JdbcDataSource"
                    javax.sql.ConnectionPoolDataSource="org.h2.jdbcx.JdbcDataSource"
                    javax.sql.DataSource="org.h2.jdbcx.JdbcDataSource"
                    libraryRef="H2JDBCLib"/>
        <properties URL="jdbc:h2:mem:pokemons"/>
<!--        <properties URL="jdbc:h2:/tmp/pokemons;AUTO_SERVER=TRUE"/>-->
    </dataSource>
    <library id="H2JDBCLib">
        <fileset dir="${wlp.install.dir}/usr/servers/defaultServer/lib/global/" includes="h2-2.2.220.jar"/>
    </library>
</server>
